date,afghanistan,albania,algeria,angola,argentina,armenia,australia,austria,azerbaijan,bahamas,bahrain,bangladesh,barbados,belarus,belgium,belize,benin,bhutan,bolivia,bosnia_and_herzegovina,botswana,brazil,brunei,bulgaria,burkina_faso,burundi,cabo_verde,cambodia,cameroon,canada,central_african_republic,chad,chile,china,colombia,comoros,congo_democratic_republic,congo_republic,costa_rica,croatia,cyprus,czechia,denmark,djibouti,dominican_republic,ecuador,egypt,el_salvador,equatorial_guinea,estonia,eswatini,ethiopia,fiji,finland,france,french_polynesia,gabon,gambia,georgia,germany,ghana,greece,guatemala,guinea,guinea_bissau,guyana,haiti,honduras,hong_kong,hungary,iceland,india,indonesia,iran,iraq,ireland,israel,italy,ivory_coast,jamaica,japan,jordan,kazakhstan,kenya,kuwait,kyrgyzstan,laos,latvia,lebanon,lesotho,liberia,libya,lithuania,luxembourg,madagascar,malawi,malaysia,maldives,mali,malta,mauritania,mauritius,mexico,moldova,mongolia,montenegro,morocco,mozambique,myanmar,namibia,nepal,netherlands,new_caledonia,new_zealand,nicaragua,niger,nigeria,north_macedonia,norway,oman,pakistan,panama,papua_new_guinea,paraguay,peru,philippines,poland,portugal,qatar,regions,regions_patch,romania,russia,rwanda,samoa,sao_tome_and_principe,saudi_arabia,senegal,serbia,sierra_leone,singapore,slovakia,slovenia,solomon_islands,south_africa,south_korea,spain,sri_lanka,st_lucia,st_vincent_and_the_grenadines,sudan,suriname,sweden,switzerland,syria,tajikistan,tanzania,thailand,timor_leste,togo,tonga,trinidad_and_tobago,tunisia,turkey,turkmenistan,uganda,ukraine,united_arab_emirates,united_kingdom,united_states,uruguay,uzbekistan,vanuatu,venezuela,vietnam,west_bank_and_gaza,yemen,zambia,zimbabwe
1991-01-01,6.4626822,7.8575172,4.3182473,17.344753,14.42522,55.69567,2.1655676,4.3315268,37.94456,100.0,0.0,1.7654172,100.0,48.075382,2.5383675,54.540203,100.0,0.013210442,2.9437609,0.0,3.5294118,2.1742747,0.9456265,3.3086975,93.298965,0.0,96.88995,100.0,1.4391143,2.776621,0.2910022,100.0,6.7531686,7.6624975,1.0975939,100.0,0.41658777,0.0,5.1242237,21.975595,100.0,0.87727994,3.1468053,100.0,73.83826,27.22971,27.182331,26.295168,90.32258,3.5249927,0.5319149,10.504549,23.856058,1.8435484,3.0916202,72.32999,10.558375,100.0,24.923029,2.731481,0.0,24.70194,11.02873,44.030666,100.0,95.548676,25.427351,1.4492754,3.555821,9.43497,0.15576324,3.884753,47.046062,37.38889,79.78857,16.054924,46.611507,47.015095,30.98514,94.25071,26.243923,88.53384,8.780704,4.6592894,90.12059,0.0,0.0,8.841248,81.333336,0.10315155,73.730774,100.0,19.41559,1.8374559,28.36439,6.7959814,41.221,100.0,72.84044,58.421425,100.0,63.593933,51.026695,26.667995,7.835243,0.0,66.95274,14.495798,12.73814,3.3117352,3.4334764,4.4418154,72.70777,0.0743185,39.747845,31.67702,11.611491,1.0225303,0.006305795,18.875675,22.38777,25.591398,50.734097,0.03747743,18.188095,49.920074,1.1342548,33.7105,0.0,0.99373096,18.843214,10.798725,11.613957,36.526947,45.968018,79.37234,49.696667,93.70485,4.912903,65.21739,97.10419,10.061826,4.3942246,98.62692,0.0,22.661108,6.518572,7.7287536,100.0,74.08208,37.507526,11.604095,1.3501045,1.0374798,44.256508,0.0,5.268935,25.427917,100.0,31.80212,99.80563,0.08064516,62.669983,5.4675827,0.0,0.5875441,13.825027,4.6279755,8.708014,3.8792799,12.111712,8.898735,98.16782,5.4423165,16.199783,100.0,100.0,0.2542279,0.0
1992-01-01,6.4626822,4.9499116,4.2327466,11.298839,12.935474,43.314083,1.48046,3.8855245,58.002327,100.0,0.0,4.45244,100.0,30.974863,2.1363795,54.540203,100.0,0.013210442,5.4311776,0.0,2.6690392,2.5817847,0.85287845,3.4063466,90.04975,0.0,96.88995,100.0,1.2787724,2.9930098,0.2910022,100.0,4.811519,7.0563645,2.1642787,100.0,0.3128602,0.93457943,17.162052,27.858908,100.0,0.8871199,4.014575,100.0,81.70579,30.878265,25.058918,24.13938,85.71429,3.6569772,0.5319149,7.252216,23.856058,2.409701,2.0099733,72.32999,10.372608,100.0,5.047517,2.459114,0.0,21.881266,39.176384,44.030666,100.0,95.548676,24.113476,6.444729,4.20546,12.599022,0.13198416,3.8521867,46.199986,33.87355,80.18577,15.437457,41.687878,51.278652,43.351353,97.239494,26.661612,89.326096,8.826979,4.286964,62.08469,0.0,0.0,2.5299947,80.90692,0.10315155,73.730774,100.0,12.407121,4.6744576,33.01158,6.7959814,32.886524,100.0,72.84044,62.416107,100.0,61.827957,48.759632,22.93146,5.3601913,0.0,72.91902,9.785203,10.280374,0.5982906,5.3047404,4.083772,72.70777,0.61728394,49.054302,30.90909,14.379129,0.9727947,0.0,18.77567,25.5378,33.27592,50.734097,0.040529087,23.784485,53.880943,1.0975518,46.084816,0.0,1.0155548,19.306087,8.203709,9.931776,36.526947,45.968018,79.37234,53.038082,94.771866,1.7751987,65.21739,85.34005,6.670335,2.5032403,98.62692,0.0,26.256693,9.027734,18.079096,100.0,74.08208,33.353733,11.604095,1.792237,1.2351059,45.788887,0.0,9.140969,26.447512,100.0,23.353292,99.80563,0.075452715,45.353676,7.83018,0.0,0.54704595,8.956773,4.6283913,9.285049,3.2362647,10.2382555,6.874742,98.16782,6.849051,16.692427,100.0,100.0,0.30409002,0.0
1993-01-01,6.4626822,6.0923777,3.229628,6.3157897,10.106658,8.673551,1.4793767,5.209744,60.317043,100.0,0.0,6.7890506,100.0,27.993048,2.0823333,54.540203,100.0,0.013210442,2.0369673,0.0,2.9359431,2.4299934,0.9043928,4.3266573,78.139534,0.0,96.88995,100.0,1.059322,2.2534196,0.2910022,100.0,5.2660084,7.8070226,1.3433958,100.0,0.3065825,0.8287293,10.077361,28.356337,100.0,0.6351794,3.726379,100.0,68.186066,21.603022,17.566248,31.800215,84.375,4.816848,0.5319149,8.676789,23.856058,2.295388,1.2885387,72.32999,10.910911,100.0,5.8536587,1.9174349,0.34848726,20.41098,35.492134,44.030666,100.0,95.548676,24.725275,11.86573,5.015299,17.080359,0.105775334,3.3701055,46.028633,31.462915,79.29658,14.277873,37.755142,51.13015,49.77148,97.70469,21.825228,88.195755,8.696607,3.6227877,37.664783,0.0,0.0,10.423038,84.210526,0.10315155,73.730774,100.0,7.0745697,3.561387,27.522936,6.7959814,27.343908,100.0,72.84044,60.0,100.0,67.13853,47.091167,15.818041,8.636716,0.0,69.94955,7.828283,8.064993,2.3136246,6.6452303,3.921772,72.70777,0.18200202,42.99712,34.375,13.464323,1.6988417,0.0,18.858221,29.710144,25.738798,50.734097,0.04453493,18.395462,52.172768,1.1742998,32.346344,0.0,1.0332162,18.311462,9.795227,8.676367,36.526947,45.968018,79.37234,53.36885,90.935394,0.9825931,65.21739,64.52906,6.374274,2.1848319,98.62692,0.0,23.188175,6.086657,4.5991454,100.0,74.08208,35.29063,11.604095,2.1356268,0.42138702,48.939705,0.0,9.476439,28.77758,100.0,20.415224,99.80563,0.07859576,48.845284,7.0100803,0.0,0.5785921,7.366489,4.634146,6.543754,3.7188094,7.7723455,3.7437181,98.16782,6.1889253,19.189646,100.0,100.0,0.20736764,0.0
1994-01-01,6.4626822,4.313626,3.7670372,6.2827225,7.40927,11.240721,1.3853806,4.9028835,71.27084,100.0,0.0,6.704824,100.0,27.932606,2.2416492,54.540203,100.0,0.013210442,2.0184135,0.84825635,2.4816177,2.4549975,0.84185207,4.2640233,66.203705,0.0,96.88995,100.0,1.1764706,1.8095416,0.2910022,100.0,5.9817224,5.192487,1.0094424,100.0,0.33885542,0.61728394,9.85342,15.935256,100.0,0.8363853,7.4744935,100.0,87.06881,19.388506,15.200395,41.054974,81.818184,1.6032282,0.5319149,6.685045,23.856058,2.6069996,1.1778966,72.32999,6.660413,100.0,4.4267054,1.6580997,0.45826513,19.71987,36.50255,44.030666,100.0,95.548676,17.08185,22.184155,2.0005236,16.479189,0.10460251,3.347034,22.968184,29.782114,76.48929,16.578978,39.31537,50.174927,50.275307,97.59625,24.439339,84.47597,7.1810474,5.736138,44.943424,0.0,0.0,16.77928,84.23997,0.10315155,73.730774,100.0,12.413931,1.3077594,28.1362,6.7959814,21.652174,100.0,72.84044,76.70344,100.0,72.32825,52.51103,4.9035115,5.5985265,0.0,67.0619,7.017544,4.5075126,2.402746,8.019802,4.170684,72.70777,0.059667565,51.54639,31.081081,11.010238,0.60616267,0.0,19.167473,29.412754,28.027372,50.734097,0.019221792,18.536493,55.57963,1.245687,25.646091,0.0,1.2912903,18.059841,10.494051,8.37822,36.526947,45.968018,79.37234,52.399864,89.345795,0.7568049,65.21739,66.49719,3.7258868,2.1015897,98.62692,0.15906213,23.683424,6.492929,6.792797,100.0,74.08208,39.66631,11.604095,2.8870418,0.46301883,55.65143,0.0,12.184166,29.673912,100.0,40.08097,99.80563,0.0,24.616913,7.0836687,0.0,0.464684,5.124629,4.6343107,4.5444384,3.4696777,1.2078246,3.251046,98.16782,3.466674,16.0319,100.0,100.0,0.36855036,0.0
1995-01-01,6.4626822,6.013861,3.3223433,6.25,4.900195,7.6425104,1.5812057,3.765229,72.28937,100.0,0.0,8.532297,100.0,28.088129,1.7645952,54.540203,100.0,0.013210442,2.2192779,0.8179959,2.017291,2.7216883,0.7629705,3.4530618,61.31687,0.0,96.88995,100.0,1.1490126,2.1196625,0.2910022,100.0,3.7142756,5.4661407,0.59462494,100.0,0.2914036,0.56497175,17.250563,26.520052,100.0,0.97621906,9.86153,100.0,84.55359,38.77091,17.996101,42.17523,79.411766,1.2870605,0.5319149,6.4833007,23.856058,2.2597017,1.5677539,72.32999,7.638279,100.0,21.008095,1.6719277,0.31066057,21.32268,35.29061,44.030666,100.0,95.548676,48.88889,38.67302,2.4000573,15.532953,0.18068661,3.3004327,16.353561,32.66024,77.83344,15.006439,37.344288,50.022984,34.98473,97.725136,20.450918,86.39601,7.29062,10.109356,46.501434,0.0,0.0,10.505152,87.41621,0.10315155,73.730774,77.22295,7.684006,0.40650406,27.62712,6.7959814,19.739563,100.0,72.84044,94.48529,100.0,68.610634,44.56282,4.7868853,4.2998476,0.0,45.59213,6.763285,5.376079,1.0247651,3.0936456,3.4673533,72.70777,0.14007525,54.555256,22.818792,19.083055,0.61969995,0.0,19.523077,30.807451,30.86104,50.734097,0.2817435,18.576561,56.8576,1.0956361,30.987524,0.0,1.5233321,17.502293,9.784699,7.893938,36.526947,45.968018,79.37234,54.69002,80.12367,0.7528155,65.21739,68.00036,2.7638755,2.0367072,98.62692,0.20947738,22.575891,8.751571,7.2886295,100.0,74.08208,47.854076,11.604095,2.66193,0.5774844,53.17088,0.0,16.112267,30.472136,100.0,17.475729,99.80563,0.0,14.708567,6.6924067,0.0,0.44642857,5.3556886,3.838764,5.178107,2.4340096,6.4551945,11.225844,98.16782,3.1846526,8.840797,100.0,100.0,0.51741546,0.0
1996-01-01,6.4626822,4.2795053,3.602208,10.019455,5.128132,2.0437722,1.5794097,3.5149417,72.417625,100.0,0.0,6.4580793,100.0,19.550741,1.6951603,54.540203,100.0,0.013210442,1.5750463,0.49046323,2.7741084,3.178407,0.7536505,3.1252925,72.9927,0.0,96.88995,100.0,1.1375388,1.7764344,0.2910022,100.0,7.639996,4.6610937,0.6019095,100.0,0.29464725,0.4366812,9.287797,16.727825,100.0,1.136063,10.79467,100.0,82.403625,32.077087,19.318579,31.497929,77.41936,1.3586063,0.5319149,5.801622,23.856058,1.9056405,1.5173442,72.32999,15.98023,100.0,6.177821,1.434354,0.030179568,20.048395,33.041576,44.030666,100.0,95.548676,55.04132,33.518097,2.1025245,12.858364,0.09759906,3.6826754,16.183332,31.651754,77.610596,14.009385,30.57084,47.90188,8.962554,97.69908,18.978157,87.58666,7.244487,9.437471,37.54269,0.0,0.0,20.601408,88.53001,0.10315155,73.730774,76.005295,7.647865,1.3535032,20.689655,6.7959814,19.692314,100.0,72.84044,100.0,100.0,73.21288,43.92768,5.2244897,4.5141544,0.0,37.02345,5.394191,4.2839036,2.0156775,3.2760034,3.3059013,72.70777,0.040756438,56.49774,22.368422,20.396479,1.0088842,0.0,17.45075,36.454967,20.998955,50.734097,0.033461228,20.530338,49.82156,1.2376635,17.496595,0.0,1.3253702,17.407484,10.925836,6.681319,36.526947,45.968018,79.37234,55.8528,82.37739,1.2675077,65.21739,70.75934,4.732143,2.0295627,98.62692,0.0,19.87547,7.978952,28.21192,100.0,74.08208,47.93989,11.604095,5.1335826,0.5373726,53.912,0.0,10.41461,28.51339,100.0,20.168068,99.80563,0.0,13.624322,6.894225,0.0,0.41701418,2.7034855,4.1886196,4.8978395,2.6309607,12.925476,11.160527,98.16782,2.3482563,8.634325,100.0,100.0,0.47452897,0.0
1997-01-01,6.4626822,3.8255546,3.8470485,23.647469,3.3873749,0.31514347,1.1889209,4.216634,71.2996,100.0,0.0,9.428234,100.0,13.401389,1.8038131,54.540203,96.61017,0.013210442,1.1520737,0.41072446,3.1290743,3.2131748,0.78936434,2.1633997,79.80456,0.0,96.88995,100.0,1.1508951,2.2921073,0.2910022,100.0,6.6973,4.147856,0.62773234,100.0,0.37675986,0.4415011,3.047585,26.356361,100.0,0.9752624,12.246418,100.0,86.47043,36.942677,23.02663,46.59788,74.07407,2.249135,0.5319149,2.9739778,23.856058,1.9920204,1.5307962,72.32999,15.684713,100.0,5.4725676,1.2448463,0.50827765,19.07553,33.76186,44.030666,100.0,95.548676,66.94215,33.51403,1.2644671,16.5579,0.07160759,3.520049,21.630241,28.217665,78.984146,17.36581,28.723646,45.05931,9.526173,97.78986,16.024609,87.372284,7.292308,16.48936,41.0006,0.0,0.0,4.460719,91.18563,0.10315155,73.730774,77.812996,10.3552685,1.031746,20.031546,6.7959814,17.68222,100.0,72.84044,100.0,100.0,73.40958,47.742294,3.3018136,4.507889,0.0,37.57081,2.5742574,5.736783,2.647975,9.153122,3.2627163,72.70777,0.0,58.23961,27.81457,0.0,1.0396554,0.007164799,16.466248,38.220577,27.820292,50.734097,0.021626297,23.758846,48.03377,1.3313258,19.808231,0.0,1.6418331,18.090904,12.00917,6.21844,36.526947,45.968018,79.37234,55.576218,89.233154,1.5798713,65.21739,73.86794,2.824792,2.6487553,98.62692,0.0,18.09718,7.40696,33.002914,100.0,74.08208,50.976746,11.604095,2.5005193,0.47074115,53.761787,0.0,22.355394,23.367945,100.0,35.416668,99.80563,0.0,15.289402,6.9286323,0.0,0.38729668,1.3072886,5.221831,3.0424962,2.9293394,8.844109,11.905589,98.16782,3.5957215,11.378841,100.0,100.0,0.39037904,0.0
1998-01-01,6.4626822,3.6797807,3.4476829,19.575113,5.014626,0.0,0.93208236,4.885879,69.41882,100.0,0.0,8.7020645,100.0,13.242806,3.1015952,54.540203,97.46835,0.013210442,1.9137466,0.46270794,2.1276596,3.4582965,0.8785942,2.1696916,76.92308,0.0,96.88995,100.0,1.6414142,3.2033784,0.2910022,100.0,5.5000143,4.5731907,0.40091765,100.0,0.40186125,0.5813953,8.147054,30.945734,100.0,0.94606215,12.10566,100.0,90.93938,40.25712,29.654099,46.56954,84.09091,3.44747,0.5319149,2.9038112,23.856058,1.7002294,2.2788084,72.32999,20.253164,100.0,4.1976275,1.1459526,22.469635,17.436163,44.277378,44.030666,100.0,95.548676,53.846153,43.689606,1.1490594,16.03388,0.079605155,3.3022702,18.40898,19.082966,79.97092,22.92563,29.803715,41.302925,11.735455,97.830315,14.311993,89.57746,7.2988095,17.907877,58.16769,0.0,0.0,5.261342,92.76255,0.10315155,73.730774,79.302185,16.176054,0.0,22.727272,6.7959814,16.168404,100.0,72.84044,100.0,100.0,66.31989,49.084496,3.4263566,4.3364487,0.0,28.678286,0.36384806,6.474994,1.1776252,9.52,3.3068101,72.70777,0.0026472535,72.15357,23.287672,0.0,0.8229285,0.005982497,16.59756,35.203583,48.389404,50.734097,0.021618223,21.044415,43.730167,1.3320354,27.41381,0.0,1.4409916,18.500582,7.7388964,6.382457,36.526947,45.968018,79.37234,57.51638,90.620384,0.8658249,65.21739,71.89427,4.7287955,1.048951,98.62692,0.0,6.650828,8.963917,31.110329,100.0,74.08208,46.948116,11.604095,2.1192336,1.0635114,54.926983,0.0,1.1627907,20.700262,100.0,42.857143,99.80563,0.23215322,12.0858555,7.1364236,0.0,0.45941806,1.3007603,4.378294,2.6084702,3.8402147,3.8887727,11.897246,98.16782,5.8935504,16.949465,100.0,100.0,0.5392608,0.0
1999-01-01,6.4626822,2.6708417,2.73458,33.033707,4.809371,0.0,0.847603,4.3597403,72.15559,100.0,0.0,9.266436,100.0,12.079499,1.2246492,54.540203,97.22222,0.013210442,1.906725,0.4136301,2.391497,4.9355273,0.90386194,2.4236562,65.27778,0.0,96.88995,100.0,1.2440758,2.7344673,0.2910022,100.0,8.848659,4.053545,0.2755593,100.0,0.4522329,14.414414,2.1528003,29.979197,100.0,0.6600303,12.548818,100.0,88.55681,30.374466,16.68881,35.803474,51.923077,3.7086253,0.5319149,1.1557177,23.856058,1.3360784,1.8927169,72.32999,18.373493,100.0,3.5142522,1.0506921,16.413324,16.434961,42.25352,44.030666,100.0,95.548676,41.977077,36.259754,0.9763374,14.033093,0.06956038,3.4553704,17.748938,20.7648,78.94053,28.02817,32.59977,34.39607,4.9615946,97.87334,14.124067,89.39415,6.3729,33.468197,67.66848,0.0,0.0,8.710463,96.983734,0.10315155,73.730774,77.09447,12.95065,0.0,28.005465,6.7959814,7.4931397,100.0,72.84044,100.0,100.0,67.31861,45.37413,1.885856,3.6945813,0.0,40.03102,0.28467909,15.585256,2.3986766,4.533153,3.2068727,72.70777,0.0,72.622345,25.0,0.0,0.49541017,0.00814883,16.688457,39.694435,31.13537,50.734097,0.028862806,18.466387,28.477987,1.3304908,25.432577,0.0,1.9747697,17.556229,7.602051,4.8334603,36.526947,45.968018,79.37234,58.090157,94.77825,1.1766566,65.21739,78.14024,1.1898476,1.0707284,98.62692,0.0,5.831965,11.738464,32.519405,100.0,74.08208,50.061905,11.604095,2.0282836,0.470649,54.498444,0.0,3.857824,17.751196,100.0,51.86916,99.80563,0.17152658,12.743823,6.9383373,0.0,0.42492917,0.8290727,4.053763,2.3631544,3.4822674,22.89726,10.683036,98.16782,6.4596953,13.897024,100.0,100.0,0.48943844,0.5923001
2000-01-01,6.4626822,3.8509836,3.0418699,36.885815,3.2889857,0.0,0.8486186,2.7784579,71.95037,100.0,0.0,6.467567,100.0,6.566798,0.948674,54.540203,97.61905,0.013210442,0.87628865,0.46025506,2.368421,4.3475394,0.90444356,1.6151891,74.871796,0.0,96.88995,99.77679,1.091954,2.4232886,0.2910022,100.0,4.2542043,3.4865143,0.23417032,100.0,0.050158836,0.33444816,0.8527244,14.954348,100.0,0.50635666,12.312428,100.0,92.30593,28.279306,9.682249,41.930706,48.52941,0.6578175,0.5319149,1.3739547,23.856058,0.838859,1.3269649,72.32999,20.53232,100.0,3.6907327,0.82994676,8.500623,16.50168,39.368385,44.030666,100.0,95.548676,48.263252,38.026245,0.48833424,12.514564,0.06507028,4.5105853,19.653898,20.892548,79.32288,19.342731,31.093973,31.043121,0.27083334,97.72934,12.4697275,88.39637,5.1983476,52.954376,67.06061,0.0,0.0,2.5870407,95.53724,0.10315155,73.730774,78.05885,5.733042,0.0,30.214918,6.7959814,5.1981807,100.0,72.84044,100.0,100.0,49.943756,45.508205,0.570817,2.987101,0.0,25.639431,0.4328112,13.501368,0.0,1.6274865,2.946525,72.70777,0.0,78.60485,34.46602,0.0,6.3279986,0.0062944987,17.166063,39.49733,29.568243,50.734097,0.0015329395,12.312945,20.280415,1.3197047,19.241842,0.0,2.4724407,17.361452,6.5448456,3.7699113,36.526947,45.968018,79.37234,53.96819,89.837906,0.9699172,65.21739,79.95263,0.64830863,0.40369937,98.62692,0.000118669006,11.960984,10.05845,54.1976,100.0,74.08208,53.950954,11.604095,1.0553055,0.33471563,50.08526,0.0,10.787056,10.389989,100.0,42.857143,99.80563,0.05495512,11.598717,7.453451,0.0,0.37807184,0.6923503,3.8153415,2.2399085,2.9235563,6.615709,10.044386,98.16782,9.265753,17.013666,100.0,100.0,0.43383947,0.9435311
2001-01-01,6.4626822,4.691689,2.910798,37.912086,1.5517892,0.0,0.9099205,2.9111755,33.753296,100.0,0.0,6.7387304,99.98066,5.8093605,2.0846643,43.34827,96.969696,0.018630069,1.1806079,0.86482424,2.125775,4.8151035,0.93059325,1.3168668,85.2459,0.0,97.83637,99.803535,1.8921208,2.8616242,0.2944294,100.0,2.9978135,3.276075,0.2324618,100.0,0.08387855,0.041297935,1.4825797,16.652353,100.0,0.5171005,11.089613,100.0,92.51132,36.00905,6.8478184,45.604256,39.849625,0.4715313,0.5208333,0.944334,22.310915,0.8914427,1.0841992,72.624,14.783227,99.9778,0.36038634,0.81138325,15.905332,15.784672,38.295204,42.73859,100.0,95.57722,52.356903,50.29344,0.47792304,11.51174,0.049794596,3.9111967,19.383926,21.263605,81.82382,20.848694,24.745739,26.883818,0.2661208,98.52764,10.01274,88.62101,4.2281513,33.466488,69.29065,0.0,0.0,2.2196262,96.66432,0.10207645,73.730774,77.95295,4.885662,0.0,31.909845,6.775671,6.164538,100.0,64.10662,100.0,100.0,46.938774,42.002354,0.55082625,3.2482598,0.0,15.485844,0.35297084,11.345703,0.0,0.96411353,2.8250215,78.36711,0.1284473,80.19841,25.555555,0.0,2.6249607,0.0073837065,17.664577,35.976807,50.78064,50.4901,0.0010592052,8.778516,20.971308,1.6467971,20.077835,0.0,2.2408326,16.527668,10.034159,3.3681746,40.0,47.584053,84.13859,47.530167,91.490486,0.96390605,66.666664,69.04107,2.1531549,0.87100786,98.579346,0.0028557829,11.505869,10.435697,53.989086,100.0,81.688705,55.35211,13.360324,1.4293051,0.3396242,45.867027,0.0,1.9503546,2.82562,100.0,59.836067,99.79829,0.05315379,9.857795,8.447342,0.0,0.37878788,0.6133941,3.5485964,1.3649039,3.3517907,0.2054054,9.910548,98.16782,11.089782,15.541689,100.0,100.0,0.4384866,0.4174045
2002-01-01,6.46255,6.046014,2.1592882,35.24079,1.1819632,0.0,1.0749049,2.316837,30.971605,100.0,0.0,6.7398877,99.98138,5.1217117,1.1843692,44.674686,96.82539,0.0248852,1.218638,1.2610106,2.530541,3.887801,0.9255831,1.9447503,82.46575,0.0,96.837456,95.87912,3.5757575,2.3090627,0.2944294,100.0,3.3889766,3.0652342,0.20866631,89.963196,0.13116905,0.0,1.6212624,17.366114,100.0,0.50296015,10.219666,100.0,88.17405,32.946423,7.606234,48.427372,36.842106,0.31664127,0.4950495,1.0273973,26.669273,1.1913815,1.0315474,79.5947,14.979757,99.88344,0.41339397,0.7366702,30.757597,15.809039,43.875504,41.37931,100.0,94.84872,52.468006,59.454895,0.5041674,5.9103355,0.07129277,4.0267367,23.342913,18.557425,85.23167,14.800555,22.446154,30.764593,0.24556102,98.15402,11.915541,90.272995,5.263789,21.875,78.01001,0.0,0.0,3.4968553,94.13444,0.09521662,73.730774,78.87171,3.0867333,0.0,30.925222,6.718621,10.262765,100.0,46.289215,100.0,100.0,46.46154,34.38487,0.3797687,2.8277636,0.0,17.551691,0.2667922,0.5722178,0.0698812,0.18832392,2.4619455,81.195915,0.0,75.419846,25.13089,0.0,3.5133803,0.016831797,18.004065,32.199093,35.40525,50.49363,0.001057828,8.538416,12.984093,1.6485575,24.740278,0.0,2.0427253,15.540794,6.5369506,3.0756717,42.105263,49.569874,83.53222,44.15533,88.55186,0.7346842,83.333336,53.77048,2.1710303,0.45211673,98.39321,0.0036268842,9.660419,11.672947,61.817413,100.0,78.389,58.38991,20.623146,2.0138345,0.3381448,45.7609,0.0,0.034891836,2.562997,100.0,42.48366,99.74178,0.05315379,10.100498,8.302937,0.0,0.3502627,0.46622998,3.6003926,1.2392639,2.6199667,0.32274857,9.411503,98.16782,14.533162,12.252766,100.0,100.0,0.4272461,0.17468266
2003-01-01,19.369139,2.1434295,2.3232222,37.794487,1.4868152,0.0,0.7522577,3.0926979,35.694824,100.0,0.0,6.742086,99.98163,4.078567,1.1898854,65.83861,97.5,0.052446593,1.3106462,1.2160482,2.7831094,2.9519212,0.78345346,1.8521127,78.42696,0.0,97.29689,93.57798,4.2345276,3.657836,0.2910022,100.0,4.0295544,2.8692846,0.2535072,87.41743,0.11385816,0.03508772,2.1065342,24.667974,100.0,0.4421642,5.0859566,100.0,73.99678,31.058374,5.698497,42.74412,36.17021,0.39373955,0.4608295,0.6968641,43.161453,1.1491117,1.2518568,79.75957,18.252934,99.70374,0.41899443,1.6595651,33.934036,14.891143,45.68291,53.65006,100.0,94.50611,52.33645,59.991302,0.5660537,4.7620444,0.07058824,3.9855015,24.952644,14.503697,88.013405,9.730759,22.869411,25.85612,0.11794771,97.92891,12.539511,79.12184,4.061629,18.451664,78.83195,0.0,0.0,2.0628932,90.15181,0.09281876,73.730774,79.644196,1.6779556,0.0,31.56733,2.411604,3.7823853,100.0,39.05512,100.0,100.0,48.847263,30.348366,0.28470942,3.1548758,0.0,19.109663,0.31061575,0.5714286,0.07022472,0.17636684,2.5749345,81.32981,0.048953615,72.943726,23.71134,0.0,0.32650638,0.028898232,18.00448,15.730546,48.995697,49.210243,0.00081126497,9.1999655,13.543634,1.6197215,13.388969,0.0,2.131739,14.312903,6.588683,2.959229,33.88889,52.058136,22.677439,45.156208,88.26816,0.77382845,83.333336,35.098495,2.270832,0.3617945,98.39321,0.0017077305,9.138592,9.206539,57.102127,100.0,81.39535,65.32498,27.389015,2.8581555,0.36355543,41.776997,0.0,1.3678373,2.6790218,100.0,29.545454,99.7616,0.09321112,0.88573956,6.5421357,0.0,0.3327787,0.36039034,3.7735085,1.1536974,3.3567595,0.12822007,8.577818,98.16782,16.58292,6.4948077,100.0,100.0,0.4192621,0.17047392
2004-01-01,37.135063,2.4973242,2.1984,21.801159,4.524377,0.0,0.6080531,2.837012,28.269867,100.0,0.0,5.8618593,99.98213,4.854213,1.9902624,61.264576,98.765434,0.07003661,1.2555066,1.0370836,5.23614,3.130186,0.88848037,1.9749646,78.48101,0.0,97.06138,94.84663,4.622871,3.8663864,0.19699,100.0,5.5362444,2.974084,0.22925633,87.80488,0.11318619,0.03655914,0.8034084,11.908506,100.0,0.41264984,4.051447,100.0,68.923904,33.214115,15.324929,45.35762,34.68208,0.4076087,0.4608295,0.7089405,41.196682,0.7164075,1.1371772,75.67923,20.727745,99.51045,0.6065858,1.7124301,12.551747,14.129006,40.70992,38.538204,100.0,94.63042,52.468006,68.90059,0.63826346,2.293224,0.046387568,3.3599102,29.936836,16.196575,92.59019,12.558176,13.299773,19.41374,0.14519057,97.22877,11.300634,49.626408,1.7641348,19.423653,76.917854,0.0,0.0,1.2795905,90.60609,0.093778536,74.53543,80.728836,1.8729895,0.0,35.121456,5.4982643,3.0321813,100.0,40.72817,100.0,100.0,50.94688,28.88843,0.20597322,3.3908567,0.0,18.851902,0.3318584,0.58834016,0.1447178,0.5789909,2.4018416,79.890816,0.056116723,72.27926,25.365854,0.0,0.359982,0.025312565,18.001566,15.784372,33.987156,49.274925,0.00096281606,13.71676,15.197384,1.8902562,12.632746,0.0,2.3837352,14.103667,3.8921044,2.566037,41.780823,49.70669,16.55487,43.05864,88.29505,0.39006528,82.47423,27.198391,2.411097,0.28157946,98.4322,0.0,7.957975,8.514719,63.861565,100.0,77.61194,68.07038,34.399433,1.287746,0.3064725,45.802288,0.0,26.034279,6.129948,99.98962,55.376343,99.77093,0.1399689,1.2730318,5.0896497,0.0,0.10309278,0.31290314,3.6457639,1.1788986,3.331588,18.322035,7.8573008,98.16782,12.537543,3.6464758,100.0,100.0,0.40950042,0.2160716
2005-01-01,36.98602,1.2860554,2.1141088,15.73758,5.2349935,0.0,1.2425104,2.4569068,25.673313,100.0,0.0,5.7693763,99.96879,3.0360777,2.0309072,56.819695,99.06542,0.06836199,1.3026664,1.11887,0.5703422,2.8975294,0.88848037,1.3659416,80.46422,0.0,97.26765,93.87967,5.7942057,2.5193958,0.18375598,100.0,6.462922,2.0201435,0.22644208,88.344986,0.09479956,0.046189375,3.2808716,14.093603,100.0,0.39477828,3.7935221,100.0,65.99261,39.3017,13.329653,41.758244,33.701656,0.31357178,0.41322315,0.42179263,47.17194,0.7083959,1.3757224,77.42848,27.209154,99.3452,0.9082152,1.9254904,17.07425,15.339887,39.28438,39.240555,100.0,94.00176,52.33813,66.58273,0.39270762,1.2725137,0.057563897,2.7570543,30.815737,15.766363,47.36842,12.860993,13.690795,15.51668,0.12321775,96.968475,12.0700445,45.09012,3.877843,26.37478,77.6947,0.98717344,0.0,0.122299224,91.08345,0.08284282,74.53543,72.044815,2.7123919,0.0,34.27136,5.4582005,2.6647153,99.99512,41.21445,100.0,100.0,48.15141,27.303722,0.1669449,3.041825,0.0,17.439339,0.10502626,0.56515956,0.060096152,0.6316621,2.2637885,81.02674,0.0069799908,65.3884,30.131004,0.0,0.20167099,0.01666558,2.092711,20.151876,35.6959,48.17129,0.0012703749,6.7375193,10.856153,1.756767,18.875338,0.0,2.47995,13.939498,3.1878545,2.2262418,47.64398,49.969124,10.253317,43.507416,89.77988,1.8725668,75.93975,23.099468,2.3557463,0.2778329,98.59155,0.031846873,6.712307,8.303779,62.773487,100.0,80.33283,67.0413,47.299076,0.8703885,0.35709494,50.508087,0.0,16.269402,6.5614195,99.989746,59.78836,99.783844,0.17001984,1.6507385,3.3854873,0.0,3.4729316,0.31496063,3.3345416,1.3402585,3.2901232,12.456072,6.6254063,98.16782,13.112996,4.038691,100.0,100.0,0.41225627,0.2560273
2006-01-01,29.104406,1.6835626,2.1291091,14.716728,6.6288214,0.0,1.3134047,2.5408797,24.895082,100.0,2.4427335,5.552546,99.96963,4.894533,1.6279098,22.408066,97.402596,0.04965991,1.8134716,1.1946803,0.6103764,2.9508486,0.93996364,0.8267347,85.40146,0.0,97.03491,94.2324,11.182922,1.8572555,0.17599437,100.0,4.909617,1.323015,0.21944506,87.51249,0.079438634,0.046357617,6.12855,15.030275,99.9785,0.3058285,3.5495822,100.0,60.67032,42.773037,13.915967,42.617153,30.729166,0.3082614,0.38022813,0.30590394,49.348637,0.5843619,1.2408044,75.674255,22.95673,99.29173,0.32935363,1.7114139,33.345196,15.793976,34.533432,36.906445,100.0,94.08603,52.45614,62.89623,0.37807184,1.4529128,0.04028603,2.0986605,29.067722,19.876791,40.046715,10.313331,11.1021,14.604245,0.28293544,96.654625,9.983392,29.622303,9.172865,30.05618,72.080666,0.87447494,0.0,0.10222858,93.87737,0.078644015,74.53543,60.39428,2.6357956,0.0,36.237625,5.4447136,3.4899254,99.982925,43.16795,100.0,100.0,43.787235,21.797045,0.19697964,3.2167044,0.0,16.135954,0.081201784,0.45425048,0.621118,0.47307134,2.1197374,83.06396,0.055125527,69.942566,22.477064,0.0,3.539823,0.023852214,1.9906323,28.53492,39.82301,49.231953,0.0018596348,6.0786605,8.2154875,1.7979251,10.699211,0.0,2.7930348,13.642933,2.561526,2.4472933,51.8797,55.07066,8.802241,46.74372,94.587944,0.8908747,79.726654,19.780945,2.2980456,0.3440291,97.89518,0.024428876,5.8637815,7.95735,51.0,100.0,82.7314,69.69697,33.116035,1.1637474,0.31065598,51.366573,0.0,19.577625,6.1272,99.980064,57.207207,99.71852,0.20917584,7.6180997,2.461727,0.0,23.636364,0.35939416,3.1766715,1.5540599,1.828042,35.38075,5.8574524,98.16782,12.613428,2.3209298,100.0,100.0,0.1337311,0.15048909
2007-01-01,30.969416,2.5174825,2.134638,23.209877,10.346559,0.0,1.1897663,1.9728351,18.272532,99.993324,1.1644498,5.2976074,99.911446,0.77916366,0.92279404,24.194523,98.63636,0.031573515,1.9812878,1.3238289,0.7246377,2.9951904,0.97201765,1.3118691,81.86275,0.0,97.44153,95.44236,15.983215,2.0233366,0.17979144,100.0,25.269617,0.8560572,0.27339223,90.34749,0.088630036,0.044226043,7.9779005,18.215437,99.93841,0.13038844,3.27602,100.0,57.4665,37.336334,12.459941,43.80592,29.245283,0.27891713,0.39370078,4.5672398,33.7773,0.5772663,1.0816684,74.50004,33.852364,99.169495,0.2880461,1.5602976,46.58928,15.185208,39.48841,35.308846,100.0,94.044945,67.09402,62.16814,0.28753337,1.3388388,0.016701462,2.087595,26.464111,19.876854,43.821644,6.6118584,10.776695,11.280811,0.31965902,95.98065,13.343463,17.020458,9.3357525,26.736485,71.649506,0.76871204,0.0,0.35631943,94.45811,0.074659124,75.77229,55.98841,2.9128294,0.0,31.469194,5.4320498,2.297059,99.97944,44.28671,100.0,100.0,37.281948,20.251366,0.084659666,4.0529585,0.0,16.98206,0.018613886,0.531333,0.18987341,0.32234958,2.1100175,77.79491,0.0022781119,71.00997,31.25,0.0,7.371499,0.025511691,2.1167283,32.215847,42.301735,46.341026,0.0018616774,2.9902108,8.63599,1.7533951,10.306442,0.0,3.1999164,13.738157,1.7771147,1.6973741,50.79365,56.66388,15.555555,49.75936,95.10542,1.3844049,81.1245,18.931273,2.530653,0.19278069,96.70022,0.43760604,6.2033186,6.0670233,59.93334,100.0,83.90617,71.10137,25.85209,0.7231974,0.25616488,59.76399,0.0,11.420482,2.8453276,99.97656,47.959183,99.72583,0.23449713,10.633962,3.406801,0.0,27.090635,0.32560343,2.8148448,1.2723365,1.7962955,12.9878435,4.174573,98.16782,11.505595,3.9637058,100.0,100.0,0.12394133,0.31541595
2008-01-01,33.26832,0.0,1.9683865,22.315477,11.005766,0.0,1.6684414,1.8623506,7.9517627,99.993126,0.021906765,4.187566,99.91181,2.8732026,0.48104835,14.412022,98.68996,0.014786709,1.6994784,0.0,0.0,3.790812,0.9640666,0.61504984,78.064514,0.0,98.072075,95.61404,15.34941,1.6611862,0.19677292,100.0,26.949617,0.5424862,0.26990795,89.583336,0.22460034,0.047722343,7.145873,15.39834,99.724304,0.15661052,3.0615032,100.0,59.065292,30.624966,15.275291,37.483246,28.229666,0.3496834,0.29325512,12.36431,35.081562,0.8433206,0.931151,76.71734,23.271132,99.02996,0.14196144,1.509464,25.576645,15.670834,31.52099,25.650911,100.0,94.98598,62.757202,61.077297,0.36058325,0.88694566,0.012145503,2.8173697,28.690918,19.374447,41.07298,5.646841,10.508588,9.8577385,0.15517241,94.41805,11.748634,15.710362,3.8343272,32.406708,70.03227,0.91610825,0.0,0.03792188,97.00426,0.075246036,75.77229,58.99672,4.0681376,0.0,36.52803,0.9012666,1.7637856,99.56692,44.87078,100.0,100.0,32.61635,18.821524,0.21587512,3.9990003,0.0,23.01478,0.0065893517,0.6040471,0.63371354,0.3200569,1.9200015,66.98587,0.30048487,64.47486,22.807018,0.0,2.8838537,0.023217527,2.1745903,35.390106,37.929962,44.51905,0.0018032314,5.985199,8.003815,1.7552558,9.0224905,0.0,3.2947915,14.247931,1.0776526,1.5478975,44.561405,59.025944,15.125222,51.17434,95.03954,0.46018836,93.90965,17.186827,2.351357,0.097566925,96.14199,0.055363912,3.6271572,5.737543,58.46077,100.0,82.99203,73.428986,22.054556,0.5818526,0.18277028,61.68491,0.0,7.3373847,1.0607829,98.97218,24.390244,99.72537,0.27163368,4.9919934,3.7894747,0.0,26.387703,0.50990206,2.857214,1.7252419,1.3226316,38.665905,2.9431677,96.29208,12.540969,2.1377187,100.0,99.96946,0.12541807,0.39344263
2009-01-01,20.350159,0.019223375,1.5765824,33.475784,8.554288,0.0,1.4498594,1.6443036,2.6340895,99.985016,0.0,4.3190975,99.88406,17.88254,0.3070748,31.635326,99.21875,0.0034386318,1.7338257,0.21062037,0.0,3.140601,1.0243633,0.7634298,81.14286,2.890742,98.42194,92.41706,22.18188,1.8002577,0.17850767,100.0,20.007576,0.32634726,0.5633704,90.27238,0.076258264,4.2671614,4.8442535,14.968413,99.40556,0.18981566,3.2157876,100.0,58.183414,39.04736,15.592118,43.698204,3.6734693,0.51258683,0.12515645,11.088911,39.895245,0.74234414,0.8792275,77.76404,13.285949,98.79564,0.45571396,1.6881012,23.007368,12.518748,42.787666,29.66003,100.0,91.941605,71.28988,51.89127,0.35113084,1.7628384,0.011880717,2.012752,22.538176,20.4174,43.379925,3.2377658,4.048502,8.891501,0.20439447,94.832405,7.9286766,8.527186,1.1231102,44.49228,69.64447,3.609131,0.0,0.07182618,93.782745,0.07496104,75.77229,60.78425,4.7857795,0.0,32.789856,1.0911263,3.0344043,99.56113,32.9238,100.0,100.0,36.980988,17.49859,0.7744434,3.7633078,0.0,20.483759,0.0058799316,0.4307869,0.2004008,0.41733548,1.3079312,66.52473,0.020666376,69.099335,25.680933,0.0,3.67604,0.022766424,2.1469233,37.936386,43.31164,48.874783,0.0018201674,5.3569803,8.689123,1.7947536,6.5429125,0.0,3.588893,13.776056,1.7771572,1.6150527,46.794872,58.99768,14.840556,55.18744,94.78657,0.2687751,64.94506,16.890228,2.3934238,0.17070048,95.81924,0.019634793,4.539871,6.531125,60.704987,99.99449,81.63983,50.269604,23.218391,0.5338794,0.15045501,50.016163,0.0,2.2926219,0.43144128,99.10401,25.0,99.69118,0.30600536,3.4552846,2.4659672,0.0,36.84426,0.97569966,2.6138299,1.5909874,1.2044511,31.60263,2.0757241,86.69393,12.973742,2.1460776,100.0,99.91114,0.12063939,0.28802633
2010-01-01,18.247135,0.013213531,2.107841,32.042576,13.264294,0.0,2.4135106,1.7897311,0.12292892,99.97626,0.0,3.6161983,99.8494,2.3756986,0.42926168,10.273144,99.13043,0.0042869514,2.023988,0.28030834,3.4210527,3.1151047,1.0021096,0.8423896,85.05882,11.537196,98.787056,91.14173,19.711864,1.3826704,0.17724212,100.0,14.015289,0.35304242,2.8022892,92.71137,0.07573845,1.5306122,6.688928,3.7578847,98.628334,0.23165664,1.9916629,100.0,54.29621,45.5305,12.355641,34.959892,3.2608695,0.31626043,0.11848341,0.62037224,48.67723,0.5999455,0.9698096,69.480804,10.673575,98.7677,0.3160806,1.380623,20.44851,10.60709,22.995615,22.600147,100.0,90.23091,74.38495,52.449036,0.2791183,1.3111771,0.011724017,1.9382815,20.117228,19.761417,59.44631,2.126759,3.6609719,7.1885667,1.4249791,94.659386,7.753623,28.332657,0.7501876,36.132458,67.206825,1.7107438,0.0,0.030179568,88.37638,0.07566707,77.79261,52.85337,11.254131,0.0,39.85025,1.0596333,2.941035,99.52905,36.3773,99.9527,100.0,37.0026,16.181856,0.47424367,4.1502433,0.0,23.493645,0.0059808614,0.38260868,0.22848439,0.09351621,1.0505576,59.72051,0.0044447407,62.995354,30.03413,0.0,0.8402204,0.078459285,2.24532,35.16062,42.895844,48.731823,0.0018495913,5.842853,10.482419,1.8343619,5.561102,0.0,2.8712356,13.159788,1.1348169,0.8970839,57.142857,63.755146,8.372663,53.858234,91.87256,0.29131564,12.600364,20.212996,2.15378,0.048661802,96.823555,0.07588568,3.9856782,5.4927087,46.88455,99.99213,82.5,17.295639,29.814384,1.1942267,0.0987982,39.445847,0.0,3.7044,0.68417555,99.10496,45.810055,99.69136,0.28285208,0.024431957,1.0321579,0.0,41.05263,0.4353168,2.4034317,1.4289819,1.0982475,10.066114,1.4641654,82.21407,15.84027,3.5931425,100.0,73.43045,0.12366819,0.5524226
2011-01-01,25.599241,1.4077786,2.0849602,29.067091,15.017837,0.0,2.2886298,1.5422485,1.6655169,99.92836,0.0,9.46306,99.74896,1.2236025,0.32013422,9.084807,100.0,0.004528133,1.7003934,0.2486911,8.577406,2.7448628,0.9932886,0.26970097,89.92333,8.243407,92.95282,88.21866,18.501013,1.1243069,0.17582108,100.0,9.670841,0.25722253,2.121022,91.98718,0.101022854,0.6960557,8.777461,6.6121516,96.38872,0.19890943,1.2858725,100.0,54.96013,37.05152,11.015437,37.070526,2.2842638,0.3335143,0.17482518,0.58368826,41.976845,0.5659787,1.299023,72.531624,11.536573,98.11217,0.068667844,1.1682811,8.43942,9.951881,22.596102,24.048903,100.0,90.627914,87.74063,54.267464,0.29430583,0.399789,0.011620475,1.0558417,22.995687,27.762318,60.295345,0.8577529,7.304199,6.571794,0.5410723,93.63252,13.526115,72.52184,0.62712216,36.272987,61.905754,1.5239477,0.0,0.016412277,95.057335,0.07738362,78.4821,40.163082,4.334301,0.0,41.421394,1.2927878,7.3095455,99.54343,37.172382,99.54108,100.0,39.101864,16.266611,0.34566194,5.2028217,0.0,26.799448,0.009606725,0.36447343,0.41695622,0.057273768,1.2337338,55.616028,0.0044811903,65.98693,25.438597,0.0,1.006066,0.29402772,2.3452501,35.294983,41.53669,51.18969,0.0017353579,5.9913826,4.9121084,1.4998655,5.116084,0.031044582,3.3220186,13.437319,1.2359966,2.5941324,54.88506,71.69346,8.924587,56.661415,92.16122,0.18393782,12.902859,19.39108,2.044947,0.099632606,95.11752,0.27005616,3.1620576,4.999881,50.248756,99.99221,78.67541,23.512714,46.642746,0.52591336,0.07891927,39.077682,0.0,9.418605,1.1106116,98.85272,13.178294,99.69777,0.2735978,0.060620755,0.39408353,0.0,39.19822,0.2846913,2.185864,0.8881569,0.9087099,24.477959,1.0321188,83.69974,14.762256,1.6805673,100.0,78.4241,0.12974656,0.7467533
2012-01-01,20.202042,0.0,1.8450441,29.066149,14.384307,0.0,1.5103754,1.0233737,2.1880982,99.90486,0.0,12.303111,99.69786,2.5617714,0.40099224,12.746174,100.0,0.0026377647,2.1788836,0.19883539,28.490028,3.4728396,0.9414758,0.4651753,90.442474,1.8849465,80.99129,59.71564,15.889213,1.1525258,0.1756358,100.0,8.8084755,0.21900083,2.417413,92.11356,0.118234366,0.10705882,8.15805,5.4114366,94.55162,0.129264,1.3127036,99.871956,54.588108,36.236706,15.198699,39.762707,1.2295082,0.48466617,0.2,0.15799868,35.015312,0.44311258,1.2718537,74.2885,13.75,97.98212,0.0,1.2138835,21.265509,9.973917,19.241026,32.264854,100.0,92.76851,79.83651,53.66418,2.136708,0.5341418,0.01709499,1.2363801,14.957256,27.272728,68.123344,0.8590751,20.940605,6.311878,6.1003423,93.123344,16.441942,81.00145,0.7918808,27.57929,60.298763,1.1867088,0.0,0.01621534,92.91594,0.07803515,78.44827,39.501095,4.759072,0.0,33.74929,1.2913388,4.475335,99.2946,31.99802,98.86661,100.0,38.17012,18.286478,0.27576697,5.253322,0.0,25.518837,0.0026616983,0.46507385,1.2665863,0.5349099,1.0258248,55.783817,0.006722689,57.18184,36.34085,0.0,1.4053018,0.29188085,2.4183555,35.930298,29.303732,51.488655,0.004980493,2.3568265,5.8337107,1.2612635,4.698159,0.027424037,3.9265294,14.231027,1.2719113,2.620819,51.14504,69.24786,8.313817,59.433388,91.072464,0.18478763,26.119404,13.000128,1.7652805,0.05719006,95.141014,0.7382163,3.9539897,5.148912,58.961433,99.97921,82.70308,29.853752,57.75862,0.38904667,0.0730251,34.044456,0.0,15.012363,1.249524,98.448456,9.497207,97.77484,0.26281208,0.022148395,0.6843538,0.0,10.928962,0.26900914,2.0805483,0.8913537,0.7707439,35.26137,0.7275469,77.11803,16.119465,0.31634805,99.7836,68.56982,0.14475271,0.6189597
2013-01-01,18.991364,0.0,1.5060945,42.028984,14.363255,0.0,2.5704775,1.0167359,0.077074595,99.886986,0.02701034,12.528316,99.57361,0.5681277,0.32216728,9.600043,70.76923,0.0071519106,1.9397652,0.24067388,17.532467,4.588517,0.9086779,0.51580507,91.5625,11.873392,78.721664,32.515003,15.9461155,1.1853794,0.1756358,100.0,7.46048,0.18381763,1.602681,91.816696,0.10787486,0.12709832,11.685393,1.6367776,92.377625,0.0908955,1.0103046,99.88466,49.716682,41.281918,17.623327,39.55676,1.0804322,0.99435025,0.1754386,0.091859,38.791306,0.32838878,1.0973405,74.31014,14.051842,97.87285,0.0,1.1269749,25.800697,9.472984,12.843512,25.89903,100.0,91.554695,86.55303,56.35155,0.40405074,0.25747672,0.027599912,1.2995393,12.384039,32.52856,70.65232,0.72530866,3.6610622,5.3421946,2.6666667,93.718414,13.404195,74.50321,0.583014,25.017357,62.19868,0.72086215,0.0,0.032211307,93.576614,0.0734626,78.72141,41.59523,4.3259134,0.0,31.979166,1.1889566,3.859109,99.173584,25.957924,98.44514,95.18063,37.361496,16.184982,0.35468853,5.358566,0.0,16.790596,0.0033507573,0.4980405,1.3293943,0.28433323,1.1837056,54.11565,0.006853853,47.659065,45.82393,0.0,1.8706925,0.3155021,2.6104188,38.3268,34.449654,52.269176,0.0049684504,1.749184,5.9668374,1.0827562,3.286049,0.2206069,4.514713,13.874916,0.9509739,0.8220249,56.79348,72.98502,8.3250885,55.95089,92.24937,0.027584823,38.00947,4.6986723,1.48793,0.04347016,94.72086,1.4140499,3.9778173,4.8184547,27.904848,99.97651,83.71471,19.146246,57.994987,0.26833633,0.06124309,27.900871,0.0,21.334225,1.0504782,99.16452,37.579617,94.67379,0.2524987,0.47880733,0.7241187,0.0,1.1927788,0.20064102,1.972817,0.6208874,0.8558947,15.857633,0.51207024,66.186745,15.025314,0.3516396,99.62694,67.94028,0.14215173,0.65796345
2014-01-01,14.538526,0.0,0.9931198,47.46869,13.482854,0.0,2.0258555,1.0162292,0.15771595,99.823875,0.025685245,14.625499,99.020065,1.0911185,0.29774624,9.916977,70.114944,0.0001395761,2.1932995,0.27846536,4.276458,6.299811,0.9542832,0.44430408,93.181816,14.562746,77.78912,10.630915,16.416403,1.176776,0.16294722,100.0,5.505067,0.16359828,2.8759568,91.304344,0.045192633,0.16164994,10.208476,0.95174855,92.71265,0.12188327,0.9818543,99.50249,51.5757,41.524727,19.439924,39.847473,0.7832898,0.34549254,0.20576131,0.031476237,50.78414,0.34657973,1.1219256,70.87948,11.062142,97.99276,0.0,0.9010745,17.160036,10.983872,11.756221,39.698917,100.0,92.16098,91.19923,57.944942,0.4717573,0.25847703,0.016553551,1.2568551,11.476417,21.664621,73.66458,0.9890742,0.49167117,5.0613413,6.130823,93.01649,9.938705,92.554474,1.0743889,28.10088,54.358307,0.57644796,0.0,0.0,98.803764,0.0727231,78.44798,46.277596,3.6388447,0.0,29.695183,1.151262,2.366599,98.642715,30.634447,96.65924,94.90217,36.806267,10.947445,0.2601747,4.501488,0.0,9.212497,0.03644536,0.45907196,0.8507853,0.026385223,1.8440759,62.781605,0.0068200417,46.10886,43.34086,0.0,2.7726088,0.28808904,2.5987847,36.83684,36.804134,50.778557,0.010853442,1.2246861,7.3878493,1.0021439,2.5699785,0.26312932,5.0513024,13.434287,0.7399964,1.0057254,45.823387,74.079254,90.588234,62.09102,93.65528,0.029359953,17.448515,0.698621,1.1021496,0.24086712,93.629234,1.4684572,3.2238514,5.065848,35.101517,99.95785,91.388435,21.650845,71.8951,0.19523242,0.047391385,32.60672,0.0,15.376018,1.1009941,99.30146,41.346153,93.2188,0.25472298,1.8178977,0.8513155,0.0,3.880232,0.118150294,1.9734867,0.5685301,0.91874635,5.2416873,0.36224738,74.47592,17.327978,0.37219858,99.116585,61.363636,2.8231082,0.5684652
2015-01-01,12.421761,0.0,1.3198059,45.666943,15.172537,0.0,2.7042937,1.3216128,6.5092354,99.81285,0.031596687,16.286161,98.659035,1.0621443,0.29982212,12.911078,64.545456,0.00025814745,2.1589901,0.32631648,3.603907,5.2678514,1.0,0.3697158,94.33263,13.89225,79.73447,4.7104583,26.236694,1.2023195,0.27336162,100.0,4.1848993,0.1653333,4.4976845,100.0,0.13401832,8.5198555,0.9988901,1.9380865,91.19982,0.11204883,1.0953697,99.71989,55.719227,39.075146,20.542727,41.69005,0.69284064,0.56168705,0.2624672,0.038259204,52.165466,0.3090424,1.1516272,70.25516,9.026916,98.38359,0.0,0.9577223,10.821799,10.916837,13.057625,21.125345,98.08061,93.25919,91.82692,54.659004,0.60524726,0.2536232,0.021277728,0.97212225,8.39801,14.425602,66.41937,1.4336538,0.65238374,4.7294455,5.2226815,93.11014,8.637024,50.597084,1.3484687,14.501387,50.4481,0.29163468,0.0,0.018073378,97.30759,0.07107985,78.43469,45.962517,5.574701,0.0,28.699764,0.8966503,1.1583835,98.48989,34.0692,92.2546,86.58142,37.837837,10.162787,0.13218771,4.171957,0.0,7.083133,0.1026195,0.3443526,1.713198,0.0,1.1949588,57.533665,0.0022376871,49.901768,57.627117,0.0,2.46192,0.2884895,2.6341493,31.772358,27.76105,48.27887,0.001793915,1.4030797,7.142077,1.2840722,2.5028615,0.2875732,5.7337832,12.52311,0.71497524,0.9462842,38.549618,70.24739,93.46437,62.583927,90.50831,0.07311087,25.27221,0.6981357,1.4273502,0.11258278,93.10871,1.9018245,2.2759254,6.1375313,17.819754,99.69146,87.94612,35.464092,76.35201,0.15544808,0.05171242,36.17792,0.0,22.636892,0.7448075,99.37454,50.0,92.10753,0.2507837,4.6365023,0.8495586,0.0,3.2554257,0.4557618,1.9398193,0.6321831,0.8995962,6.846821,0.25778583,70.186424,16.167274,0.61267847,98.20256,58.712254,2.9914846,0.52517766
2016-01-01,12.238734,0.0,1.3662549,41.675835,14.062628,0.0,2.1729555,1.4639574,10.383937,99.787735,0.0070150825,16.506685,98.67203,1.7338974,0.22077118,13.545743,93.840576,0.0,2.0951972,0.3320763,0.22296543,2.8061836,1.0538641,0.70231235,91.30939,11.700991,81.40231,6.7102547,15.182482,1.1968061,4.3715053,100.0,3.6718178,0.16721405,5.3072915,100.0,0.1313054,6.12936,1.7654592,0.53822154,91.32392,0.110432245,1.0576986,99.3228,56.260033,31.87127,15.536031,41.18711,0.64377683,2.0954885,0.2840909,0.031847134,46.17498,0.2908795,1.2153049,68.461296,11.198428,98.57077,0.0,0.8987638,35.849216,10.222638,8.394249,32.051964,98.02215,92.16187,93.27808,51.37772,0.9490196,0.19747978,0.016172506,0.81115955,6.3343015,11.081171,55.418697,0.9570319,0.4300112,4.186467,0.0943693,88.84316,6.8701854,11.006001,2.027605,14.328882,47.46094,0.15834716,0.0,0.0,97.81018,0.07417818,79.2752,27.402927,5.180497,0.0,35.035305,3.1828368,0.7557768,97.822876,35.510605,84.014,84.28104,36.522026,10.583255,0.29039973,3.405682,0.0,8.966741,2.2535806,0.34120148,0.60851926,0.0,1.089807,54.80439,0.0067930166,47.810936,68.25397,0.0,1.7765145,0.28314167,2.7459686,32.04442,27.328678,48.92658,0.0015681109,2.0589204,6.2347875,1.3814625,2.154851,0.29021204,4.8686504,10.5764675,1.0813633,1.005341,32.917316,68.60811,94.39059,53.0829,86.98676,0.13217427,25.750227,0.69856995,1.7366242,0.06666667,92.45087,0.26666984,3.1638815,6.158219,32.035843,99.00597,89.05668,44.20265,60.02019,0.25511184,0.05065856,38.94488,0.0,3.7309048,0.48229888,99.46924,46.88889,91.560585,0.3609725,0.20709163,0.70187455,0.0,2.9596648,0.9813274,1.9234182,0.56042176,0.80422705,3.169572,0.2588688,78.96277,16.60216,0.6549892,92.08669,63.901627,2.9256675,2.8015456
2017-01-01,13.135416,0.0,0.42226842,28.354595,8.007195,0.0,2.0440354,1.1945488,5.444079,99.77595,0.006843456,18.127796,97.68884,0.56497175,0.20319103,13.310374,55.589123,0.003884541,2.173461,0.37717482,0.23148148,2.8470013,1.0825114,0.86819255,91.91419,15.935971,82.3636,4.4283648,14.5524235,0.883838,3.5269287,100.0,2.4092746,0.14695922,2.7913723,100.0,0.0630517,3.8124156,0.32579026,1.7524827,91.30695,0.13669363,0.89613825,98.993286,43.34944,19.53125,11.212952,25.229937,0.6751688,0.9118541,0.23255815,0.03021148,48.746887,0.27249974,1.2419431,69.08916,13.072626,98.57077,0.0,0.8521958,30.15636,9.968154,3.3796296,30.70163,98.02215,92.174706,87.61815,42.497612,1.1023154,0.26127905,0.010396091,0.6832016,7.615267,8.558418,51.212757,0.45669496,1.2826196,3.8961565,0.6776829,69.59799,5.618901,13.380281,0.7577813,24.464182,49.92444,0.1998324,0.0,0.0,97.75937,0.11918951,42.62352,31.366245,3.3197994,0.0,42.001747,15.509293,0.9276483,97.16534,38.74456,11.689885,86.08853,37.92882,11.914274,0.34239677,4.612577,0.0,10.523937,3.6791384,0.32747412,0.0,0.0,0.9943073,45.000587,0.01344086,44.0,61.209965,0.0,1.5714285,0.32713407,2.8720844,22.47233,26.598442,50.713913,0.0016754628,2.2592762,4.012928,1.184994,2.1520755,0.28307065,4.8056197,9.07105,0.98295385,0.63740075,33.333332,63.940933,95.07151,45.889446,86.52756,0.12957214,24.763968,0.69667125,1.5826664,0.085752785,92.18375,0.08740505,2.0689027,5.717995,35.934196,99.02464,85.90752,39.859734,50.31881,0.17656012,0.055472787,47.651875,0.0,4.1631265,0.22589989,99.584564,66.38298,90.67389,0.35396332,0.20465842,0.40332752,0.0,2.853403,0.8414779,1.7872006,0.47891557,0.75613075,1.3021377,0.25649458,79.268906,16.601152,0.07653842,91.6502,91.88506,4.8614454,0.6356774
2018-01-01,17.328005,0.0,0.49176264,20.013765,4.6389647,0.0,1.853647,1.0434732,0.19025724,99.78126,0.0033835222,20.581102,97.69881,0.67716616,0.21322246,20.326157,65.84158,0.0,2.823388,0.2453027,0.14522219,2.2546003,1.0715117,0.7088413,88.932144,17.653875,79.20255,3.130496,14.087787,0.9121491,3.5269287,100.0,1.5618358,0.1520543,2.927604,100.0,0.04605324,4.1666665,1.3714087,0.4988629,90.57312,0.12153981,0.86601466,98.92086,50.44018,22.193346,4.6113853,22.211931,0.6646972,0.6713038,0.20449898,0.027534936,41.663887,0.3771544,0.98283434,70.68162,13.945946,98.57077,0.0,0.8097204,22.999754,10.412677,8.504461,36.71041,92.91338,92.07488,80.82061,36.97324,0.78231853,0.28378084,0.0050431187,0.48246962,5.2433496,9.391491,43.779408,0.44645724,0.42820024,3.8069367,0.08945433,66.05317,4.178606,6.1993814,0.05854801,13.681042,46.697166,0.21256039,0.0,0.0,97.92519,0.11984382,42.579075,34.403442,3.7311308,0.0,37.7806,19.848364,0.54422724,96.12595,38.750114,0.9174312,80.79101,39.061005,13.195485,0.14839548,4.5141544,0.0,3.4867816,1.4820001,0.36107856,0.0,0.0,1.1566808,47.27114,0.024611805,41.168888,54.104477,0.0,0.83823794,0.29572323,2.9950435,10.419276,12.398465,51.57431,0.0016888469,1.3592939,3.1795037,1.0585806,1.879737,0.28078562,4.6399765,7.924663,0.9217584,0.71796703,30.569948,57.385303,94.43543,41.993614,79.37086,0.13894455,24.72417,0.59641397,1.7018279,0.11025358,93.57402,0.6840954,2.2102964,5.2825265,24.172995,97.80974,83.378914,40.590588,46.337578,0.1878825,0.03328028,49.51121,0.0,1.6259052,0.09435619,99.60605,30.067568,89.12475,0.35772356,0.21988527,0.10793928,0.0,7.2093024,0.76392233,0.6999279,0.5034692,0.9634743,2.3799753,0.690028,76.55502,16.600672,0.3455034,85.67184,83.08596,2.7960424,0.0
2019-01-01,12.159642,0.0,0.40355223,17.337069,2.4692774,0.0,1.8646032,0.9321874,0.20328322,99.74071,0.0030208742,16.756395,96.59083,0.49178302,0.074750386,39.823566,38.825756,0.0,2.8563073,0.26296234,2.0420792,1.8649926,0.9326845,0.82211584,85.86118,22.583124,81.341835,7.2299843,12.08299,0.80737543,3.5269287,97.916664,1.3836657,0.14028892,3.3874278,100.0,0.04231192,4.9521203,0.82673395,0.29780564,89.98249,0.13557763,0.8165063,99.34498,44.799282,17.507666,3.5618482,28.903162,0.85470086,0.36769533,0.20576131,0.03325131,45.524475,0.44573927,1.0361369,71.11355,14.804371,98.36993,0.0,0.78692806,13.468199,11.452721,11.840961,36.10725,92.91338,92.887436,83.270676,46.108345,0.49282426,0.20705141,0.010262726,0.26588428,3.3837209,14.776641,37.973682,0.91099983,1.097443,3.455129,0.075244546,62.192944,3.3348067,4.419647,0.053332336,11.362063,43.345634,0.22494212,0.0,0.0,94.83509,0.13487035,42.579075,32.843365,1.6872325,0.0,42.184326,20.746239,0.5662927,95.58098,38.732525,1.457018,80.20668,42.027195,13.343039,0.070187755,5.405797,0.0,1.9015607,0.73231125,0.5682416,0.5050505,0.0,1.1712283,40.892906,0.008860143,43.113247,58.80597,0.047620356,1.0393593,0.2527686,2.8854568,9.908434,13.942307,34.868458,0.0020223674,1.2208384,3.538254,1.0787375,2.3573015,0.23574351,4.542034,7.965598,1.0029855,0.7630906,22.538553,59.414764,94.29861,43.393326,75.77662,0.05851064,24.722643,0.39655584,1.6072308,0.062115658,93.353096,0.8070677,1.6363102,4.714609,32.4022,97.42769,84.79227,36.52866,52.087475,0.12883002,0.042189498,51.421524,0.0,1.054798,0.10799589,99.65541,1.1705686,87.293274,0.38093165,0.14536205,0.11056378,0.0,3.0449069,0.30296937,0.579976,0.46816394,0.81493527,1.018507,1.0640475,72.67044,16.59602,0.9346071,84.83004,81.979614,4.0632815,0.0
2020-01-01,12.876214,0.0,0.3840566,14.861506,4.672364,0.0,1.7003673,0.99920064,0.1857657,99.68533,0.0029963444,11.8954935,94.55457,5.530767,0.13302778,5.657277,23.458038,0.0,2.7961516,0.2548299,2.4759285,1.945404,0.6800349,0.73121655,82.91586,29.718227,83.18189,4.388956,9.699422,0.72344863,3.5269287,97.63313,2.0596955,0.14769143,3.3023672,100.0,0.039961636,4.921875,0.19609515,0.25401568,87.68819,0.1091703,0.9120022,99.52229,21.149014,16.439451,1.087682,15.45886,0.85046065,0.3455084,0.0,0.0,45.447346,0.29018146,1.0511879,69.592255,13.631705,98.36993,0.0,0.8156924,3.85664,9.796688,10.270553,38.15818,92.91338,92.77398,85.700386,43.951374,0.4264756,0.12882909,0.015684634,0.30557898,2.709158,14.494476,35.860996,1.205566,0.26423553,3.5799966,0.0622665,28.403204,3.1028616,3.994976,0.052304085,6.4527173,47.229652,0.34406647,0.0,0.001921733,93.36844,0.121603295,42.579075,26.648361,2.2294726,3.1987467,49.558346,20.720917,0.5185721,94.415215,37.70664,2.7531497,81.089935,36.64122,14.503274,0.016178612,5.37553,0.0,1.7200918,0.72532326,1.0421166,0.4473161,0.0,1.0958971,37.2092,0.03143948,30.07122,58.09807,0.04597913,1.720591,0.14111279,3.5684626,12.158321,5.927552,33.22421,0.0021564737,0.62148285,2.4303474,1.1066679,2.2683597,0.2728288,4.393965,7.5164824,1.0726929,0.6871824,10.356731,52.4364,94.15716,41.59334,83.44245,0.036884815,24.722643,0.39699632,1.4147999,0.05817336,94.07917,0.9022173,1.2705237,4.064198,26.053686,97.24948,83.149864,35.476875,51.37931,0.08606325,0.029307915,54.180954,0.0,1.0339545,0.158808,99.626724,10.378913,85.78584,0.3794038,0.22464548,0.10498756,0.0,2.5937228,0.1698033,0.54912245,0.44803473,0.8781602,5.9602647,0.6857143,71.56777,7.8255906,0.44269347,78.730896,78.77974,2.1072671,0.0
2021-01-01,21.765526,0.0,0.36421126,16.255157,8.021987,0.0,1.7551986,1.0020351,2.2734609,99.298584,0.0029446408,20.072165,92.67492,4.7964306,0.17916687,7.1398244,19.449379,0.0,2.2152772,0.18342684,3.902034,3.1116781,0.6316898,0.7526068,83.62224,38.695816,81.734406,4.8398156,8.71995,0.6503911,3.5269287,98.07229,3.4776978,0.13264254,3.232379,100.0,0.015166452,6.6049232,0.015702285,0.19066404,84.86032,0.1082162,0.77458394,64.64646,19.377453,15.375302,6.230163,15.539795,0.8304498,0.49972236,0.18050541,0.012920732,39.93439,0.23709825,1.0308387,76.26825,15.991903,98.39749,0.0,0.7688947,2.738732,8.534268,4.8695426,11.867806,92.91338,92.89383,86.72481,37.994606,0.53965086,0.16334441,0.0101967985,0.2761094,2.8134425,14.548581,40.45766,4.5604343,0.1449943,2.6803288,2.5541127,28.359936,3.7683594,4.412935,2.3271172,10.197156,48.91373,0.2708416,0.0,0.0,91.07143,0.07124911,42.579075,23.47851,1.8708153,3.1701357,48.549862,19.944841,0.5628497,94.178665,37.70664,1.9873532,80.644585,36.597595,13.587281,0.5708277,4.5741963,0.0,3.230657,0.89593387,0.5784453,0.06816632,0.0,1.0999812,38.475204,0.0605259,30.809399,62.880886,0.044580128,2.495028,0.2532896,3.5300393,16.973055,4.378356,33.200665,0.0024506801,0.5117048,1.5284214,1.1156204,2.4147198,0.26023895,4.7347684,7.9421654,1.2712291,0.73545647,15.266394,50.859318,93.943825,41.304832,76.28526,0.028769452,24.71806,0.98811424,1.3426173,0.3590325,93.44484,1.1150666,1.3398769,3.661524,16.027775,97.45511,84.98258,37.658714,51.42857,0.20256348,0.048454747,52.804947,0.0,1.1098266,1.481465,99.628555,0.64724916,85.79938,0.37792894,0.14618547,0.08395001,0.0,2.407583,0.1253847,0.55215627,0.5919255,0.82577544,15.304783,1.8609083,74.84515,6.548903,0.11719814,75.53665,76.55786,0.666215,0.0
2022-01-01,21.765526,0.0,0.3595269,16.22153,10.340898,0.0,1.7176676,0.960594,0.30304074,99.298584,0.0028052852,25.217884,92.67492,4.5862947,0.3043442,7.1398244,23.576424,0.0,1.9985975,0.2930224,3.5714285,1.5210276,0.8032845,0.9901186,85.97963,38.695816,81.734406,2.9035895,8.682574,0.8240303,3.5269287,98.1383,3.3619723,0.097412,3.2255101,100.0,0.03018868,5.765011,0.015894461,0.604782,83.216255,0.09546483,0.94224143,64.64646,25.080536,20.737396,8.626083,8.176526,0.796284,0.38048345,0.18050541,0.011535356,39.93439,0.34477985,1.3388268,76.26825,16.917294,98.39749,0.0,0.90251714,1.3251607,9.728498,13.9365225,11.867806,92.91338,92.89383,81.42293,40.502422,0.54852206,0.16492425,0.009940358,0.26162282,2.204854,13.54044,47.592983,3.1753066,0.28039598,4.529143,2.52809,34.151836,4.030901,3.8036973,1.2452445,12.247738,47.72934,0.28814292,0.0,0.060036022,54.834988,0.07124911,42.579075,23.910442,7.861175,0.0,46.039036,19.944841,0.5408493,94.178665,37.70664,2.4858265,80.644585,49.24655,7.17356,3.6022513,4.3741937,0.0,9.79823,0.64423764,0.52108234,0.15026297,0.0,1.309427,38.475204,0.015653301,35.500114,68.5422,0.044580128,9.691556,0.12403735,2.782259,16.588638,7.1224375,33.200665,0.002267111,0.7929471,2.2579923,1.3084986,2.6307702,0.26023895,4.4564853,7.4809456,1.987429,0.7882518,16.621254,50.859318,93.943825,41.156147,76.93734,0.04224162,24.71806,2.587665,1.9487294,0.40396622,93.44484,1.7526081,1.1039473,3.6210823,15.148407,97.45511,84.98258,28.629301,55.422264,0.25987676,0.059391465,57.320175,0.0,0.24935065,5.654493,99.628555,0.36585367,85.79938,0.36869273,0.13070676,0.3757853,0.0,2.6147187,0.1164093,0.5513452,0.58688486,0.94568455,8.911092,0.90885836,74.84515,6.9251676,0.06475747,75.53665,77.79088,0.010269577,0.0
2023-01-01,21.765526,0.0,0.3595269,16.22153,10.340898,0.0,1.7721169,1.0532562,0.30304074,99.298584,0.0028052852,25.217884,92.67492,4.5862947,0.13705443,7.1398244,23.576424,0.0,1.9985975,0.2930224,3.5714285,1.283642,0.8032845,0.9901186,85.97963,38.695816,81.734406,2.9035895,8.682574,0.88544285,3.5269287,98.1383,2.9234767,0.097412,3.1592803,100.0,0.03018868,5.765011,4.9772654,0.604782,83.216255,0.112628646,0.9189444,64.64646,25.080536,20.737396,8.626083,8.176526,0.796284,0.31729245,0.18050541,0.011535356,39.93439,0.22063899,1.1070188,76.26825,16.917294,98.39749,0.0,0.862495,1.3251607,5.321852,13.9365225,11.867806,92.91338,92.89383,81.42293,40.502422,0.54852206,0.15204415,0.019759918,0.26162282,2.204854,13.54044,47.592983,0.7237136,0.15987849,3.8562396,2.52809,34.151836,3.1385999,3.8036973,1.2452445,10.273164,47.72934,0.28814292,0.0,0.031313606,54.834988,0.07124911,42.579075,23.910442,3.5797925,0.0,46.039036,19.944841,0.5408493,94.178665,37.70664,2.4858265,80.644585,49.24655,6.565362,3.6022513,4.3741937,0.0,9.79823,0.64423764,0.52108234,0.15026297,0.0,1.2618375,38.475204,0.008956159,35.500114,68.5422,0.044580128,9.691556,0.008392836,2.782259,16.588638,7.1224375,33.200665,0.002267111,0.7929471,2.2579923,1.3371314,2.4881516,0.26023895,4.4564853,7.4809456,1.987429,0.7882518,16.621254,50.859318,93.943825,41.156147,76.93734,0.04224162,24.71806,2.587665,1.5536532,0.04376094,93.44484,1.7526081,1.1037414,3.3058865,15.148407,97.45511,84.98258,28.629301,55.422264,0.15619157,0.051575076,57.320175,0.0,0.24935065,5.654493,99.628555,0.36585367,85.79938,0.36869273,0.13070676,0.36990386,0.0,2.6147187,0.1164093,0.5513452,0.82631606,0.7277764,8.911092,0.90885836,74.84515,6.9251676,0.06475747,75.53665,77.79088,0.010269577,0.0
2024-01-01,21.765526,0.0,0.3595269,16.22153,10.340898,0.0,1.7721169,1.0532562,0.30304074,99.298584,0.0028052852,25.217884,92.67492,4.5862947,0.13705443,7.1398244,23.576424,0.0,1.9985975,0.2930224,3.5714285,1.283642,0.8032845,0.9901186,85.97963,38.695816,81.734406,2.9035895,8.682574,0.88544285,3.5269287,98.1383,2.9234767,0.097412,3.1592803,100.0,0.03018868,5.765011,4.9772654,0.604782,83.216255,0.112628646,0.9189444,64.64646,25.080536,20.737396,8.626083,8.176526,0.796284,0.31729245,0.18050541,0.011535356,39.93439,0.22063899,1.1070188,76.26825,16.917294,98.39749,0.0,0.862495,1.3251607,5.321852,13.9365225,11.867806,92.91338,92.89383,81.42293,40.502422,0.54852206,0.15204415,0.019759918,0.26162282,2.204854,13.54044,47.592983,0.7237136,0.15987849,3.8562396,2.52809,34.151836,3.1385999,3.8036973,1.2452445,10.273164,47.72934,0.28814292,0.0,0.031313606,54.834988,0.07124911,42.579075,23.910442,3.5797925,0.0,46.039036,19.944841,0.5408493,94.178665,37.70664,2.4858265,80.644585,49.24655,6.565362,3.6022513,4.3741937,0.0,9.79823,0.64423764,0.52108234,0.15026297,0.0,1.2618375,38.475204,0.008956159,35.500114,68.5422,0.044580128,9.691556,0.008392836,2.782259,16.588638,7.1224375,33.200665,0.002267111,0.7929471,2.2579923,1.3371314,2.4881516,0.26023895,4.4564853,7.4809456,1.987429,0.7882518,16.621254,50.859318,93.943825,41.156147,76.93734,0.04224162,24.71806,2.587665,1.5536532,0.04376094,93.44484,1.7526081,1.1037414,3.3058865,15.148407,97.45511,84.98258,28.629301,55.422264,0.15619157,0.051575076,57.320175,0.0,0.24935065,5.654493,99.628555,0.36585367,85.79938,0.36869273,0.13070676,0.36990386,0.0,2.6147187,0.1164093,0.5513452,0.82631606,0.7277764,8.911092,0.90885836,74.84515,6.9251676,0.06475747,75.53665,77.79088,0.010269577,0.0
